Workbook

Sheet Motor Load Schedule
A1: Motor Load Schedule — Small Commercial Building
A3: Motor ID | B3: Equipment Description | C3: Location | D3: HP | E3: Voltage (V) | F3: Phase | G3: FLA (A) NEC 430.250 | H3: Service Factor | I3: Duty | J3: Notes
A4: M-1 | B4: Supply Fan (AHU-1) | C4: Mechanical Room | D4: 5 | E4: 460 | F4: 3 | G4: 7.6 | H4: 1.15 | I4: Continuous
A5: M-2 | B5: Return Fan (AHU-1) | C5: Mechanical Room | D5: 3 | E5: 460 | F5: 3 | G5: 4.8 | H5: 1.15 | I5: Continuous
A6: M-3 | B6: Chilled Water Pump (P-1) | C6: Mechanical Room | D6: 20 | E6: 460 | F6: 3 | G6: 27 | H6: 1.15 | I6: Continuous
A7: M-4 | B7: Exhaust Fan (EF-1) | C7: Roof | D7: 1 | E7: 460 | F7: 3 | G7: 2.1 | H7: 1.15 | I7: Continuous
A8: M-5 | B8: Cooling Tower Fan (CT-1) | C8: Roof | D8: 25 | E8: 460 | F8: 3 | G8: 34 | H8: 1.15 | I8: Continuous
A9: M-6 | B9: Air Compressor (AC-1) | C9: Mechanical Room | D9: 15 | E9: 460 | F9: 3 | G9: 21 | H9: 1.15 | I9: Continuous
A11: Assumptions & sources:
A12: • FLA values per NEC Table 430.250 (Full-Load Current, Three-Phase AC Motors), 460V column.
A13: • Service factor of 1.15 assumed for standard NEMA-rated motors (verify against actual nameplate when equipment is selected).
A14: • All loads assumed continuous duty per NEC Article 430.

Sheet Cable Sizing
A1: Cable Sizing — Based on NEC 430.22 (125%) and Table 310.16
H2: NEC Table 310.16
A3: Motor ID | B3: Equipment Description | C3: FLA (A) | D3: Min. Conductor Ampacity (125%) | E3: Selected Conductor (75°C Cu) | F3: Selected Ampacity (A) | H3: AWG Size | I3: Ampacity (A) 75°C Cu
A4: ='Motor Load Schedule'!A4 -> M-1 | B4: ='Motor Load Schedule'!B4 -> Supply Fan (AHU-1) | C4: ='Motor Load Schedule'!G4 -> 7.6 | D4: =C4*1.25 -> 9.5 | E4: =INDEX($H$4:$H$13,MATCH(D4,$I$4:$I$13,-1)) -> 14 AWG | F4: =INDEX($I$4:$I$13,MATCH(D4,$I$4:$I$13,-1)) -> 20 | H4: 1/0 AWG | I4: 150
A5: ='Motor Load Schedule'!A5 -> M-2 | B5: ='Motor Load Schedule'!B5 -> Return Fan (AHU-1) | C5: ='Motor Load Schedule'!G5 -> 4.8 | D5: =C5*1.25 -> 6 | E5: =INDEX($H$4:$H$13,MATCH(D5,$I$4:$I$13,-1)) -> 14 AWG | F5: =INDEX($I$4:$I$13,MATCH(D5,$I$4:$I$13,-1)) -> 20 | H5: 1 AWG | I5: 130
A6: ='Motor Load Schedule'!A6 -> M-3 | B6: ='Motor Load Schedule'!B6 -> Chilled Water Pump (P-1) | C6: ='Motor Load Schedule'!G6 -> 27 | D6: =C6*1.25 -> 33.75 | E6: =INDEX($H$4:$H$13,MATCH(D6,$I$4:$I$13,-1)) -> 10 AWG | F6: =INDEX($I$4:$I$13,MATCH(D6,$I$4:$I$13,-1)) -> 35 | H6: 2 AWG | I6: 115
A7: ='Motor Load Schedule'!A7 -> M-4 | B7: ='Motor Load Schedule'!B7 -> Exhaust Fan (EF-1) | C7: ='Motor Load Schedule'!G7 -> 2.1 | D7: =C7*1.25 -> 2.625 | E7: =INDEX($H$4:$H$13,MATCH(D7,$I$4:$I$13,-1)) -> 14 AWG | F7: =INDEX($I$4:$I$13,MATCH(D7,$I$4:$I$13,-1)) -> 20 | H7: 3 AWG | I7: 100
A8: ='Motor Load Schedule'!A8 -> M-5 | B8: ='Motor Load Schedule'!B8 -> Cooling Tower Fan (CT-1) | C8: ='Motor Load Schedule'!G8 -> 34 | D8: =C8*1.25 -> 42.5 | E8: =INDEX($H$4:$H$13,MATCH(D8,$I$4:$I$13,-1)) -> 8 AWG | F8: =INDEX($I$4:$I$13,MATCH(D8,$I$4:$I$13,-1)) -> 50 | H8: 4 AWG | I8: 85
A9: ='Motor Load Schedule'!A9 -> M-6 | B9: ='Motor Load Schedule'!B9 -> Air Compressor (AC-1) | C9: ='Motor Load Schedule'!G9 -> 21 | D9: =C9*1.25 -> 26.25 | E9: =INDEX($H$4:$H$13,MATCH(D9,$I$4:$I$13,-1)) -> 10 AWG | F9: =INDEX($I$4:$I$13,MATCH(D9,$I$4:$I$13,-1)) -> 35 | H9: 6 AWG | I9: 65
H10: 8 AWG | I10: 50
H11: 10 AWG | I11: 35
H12: 12 AWG | I12: 25
H13: 14 AWG | I13: 20
A15: Assumptions & sources:
A16: • Minimum conductor ampacity = FLA x 1.25 per NEC 430.22 (continuous duty motor branch circuit).
A17: • Conductor ampacities per NEC Table 310.16, copper conductors with 75°C terminations (THHN/THWN-2 assumed).
A18: • Conduit fill, voltage drop, and ambient temperature derating not yet applied — covered later in the capstone.

Sheet Panel Schedule
A1: Panel Schedule — MCC Panel (Motors), Based on NEC 430.52
L2: Standard breaker sizes
A3: Circuit No. | B3: Motor ID | C3: Equipment Description | D3: FLA (A) | E3: Max Breaker (250% FLA) | F3: Selected Breaker (A) | G3: Poles | H3: Phase | I3: Conductor Size | J3: Notes | L3: Breaker (A)
A4: 1-3 | B4: ='Motor Load Schedule'!A4 -> M-1 | C4: ='Motor Load Schedule'!B4 -> Supply Fan (AHU-1) | D4: ='Motor Load Schedule'!G4 -> 7.6 | E4: =D4*2.5 -> 19 | F4: =INDEX($L$4:$L$23,MATCH(E4,$L$4:$L$23,-1)) -> 20 | G4: 3 | H4: A-B-C | I4: ='Cable Sizing'!E4 -> 14 AWG | L4: 250
A5: 4-6 | B5: ='Motor Load Schedule'!A5 -> M-2 | C5: ='Motor Load Schedule'!B5 -> Return Fan (AHU-1) | D5: ='Motor Load Schedule'!G5 -> 4.8 | E5: =D5*2.5 -> 12 | F5: =INDEX($L$4:$L$23,MATCH(E5,$L$4:$L$23,-1)) -> 15 | G5: 3 | H5: A-B-C | I5: ='Cable Sizing'!E5 -> 14 AWG | L5: 225
A6: 7-9 | B6: ='Motor Load Schedule'!A6 -> M-3 | C6: ='Motor Load Schedule'!B6 -> Chilled Water Pump (P-1) | D6: ='Motor Load Schedule'!G6 -> 27 | E6: =D6*2.5 -> 67.5 | F6: =INDEX($L$4:$L$23,MATCH(E6,$L$4:$L$23,-1)) -> 70 | G6: 3 | H6: A-B-C | I6: ='Cable Sizing'!E6 -> 10 AWG | L6: 200
A7: 10-12 | B7: ='Motor Load Schedule'!A7 -> M-4 | C7: ='Motor Load Schedule'!B7 -> Exhaust Fan (EF-1) | D7: ='Motor Load Schedule'!G7 -> 2.1 | E7: =D7*2.5 -> 5.25 | F7: =INDEX($L$4:$L$23,MATCH(E7,$L$4:$L$23,-1)) -> 15 | G7: 3 | H7: A-B-C | I7: ='Cable Sizing'!E7 -> 14 AWG | L7: 175
A8: 13-15 | B8: ='Motor Load Schedule'!A8 -> M-5 | C8: ='Motor Load Schedule'!B8 -> Cooling Tower Fan (CT-1) | D8: ='Motor Load Schedule'!G8 -> 34 | E8: =D8*2.5 -> 85 | F8: =INDEX($L$4:$L$23,MATCH(E8,$L$4:$L$23,-1)) -> 90 | G8: 3 | H8: A-B-C | I8: ='Cable Sizing'!E8 -> 8 AWG | L8: 150
A9: 16-18 | B9: ='Motor Load Schedule'!A9 -> M-6 | C9: ='Motor Load Schedule'!B9 -> Air Compressor (AC-1) | D9: ='Motor Load Schedule'!G9 -> 21 | E9: =D9*2.5 -> 52.5 | F9: =INDEX($L$4:$L$23,MATCH(E9,$L$4:$L$23,-1)) -> 60 | G9: 3 | H9: A-B-C | I9: ='Cable Sizing'!E9 -> 10 AWG | L9: 125
L10: 110
L11: 100
L12: 90
L13: 80
L14: 70
L15: 60
L16: 50
L17: 45
L18: 40
L19: 35
L20: 30
L21: 25
... L23: 15
A25: Assumptions & sources:
A26: • Max breaker = FLA x 250% per NEC 430.52 (inverse-time circuit breaker, standard induction motor).
A27: • Selected breaker rounds up to next standard size per NEC 430.52(C)(1) Exception No. 1.
A28: • Circuit numbering is illustrative (sequential 3-pole groupings); confirm against actual panel schedule from panel manufacturer.
A29: • All motors assumed on a dedicated 3-phase MCC panel — no other (lighting/receptacle) loads shown here.
